specimen_id,group,direction,lever_arm_length,span_length,specimen_width,specimen_thickness,specimen_height,initial_crack_length,density,moisture_content,loading_rate,direction_R,direction_T,E1_MPa,E2_MPa,E3_MPa,G12_MPa,G13_MPa,Gc_raw,sample_type
SYN-001,SYN-R-80,R,80,341.656,16.859,18.283,18.283,33.588,1.037,8.635,1.002,1,0,4886.8,3741.51,2469.11,693.51,619.1,1.18586,synthetic_demo
SYN-002,SYN-R-80,R,80,344.258,17.001,18.207,18.207,35.79,1.019,7.868,0.937,1,0,5081.56,3696.36,2358.12,621.43,550.38,1.15109,synthetic_demo
SYN-003,SYN-R-80,R,80,341.95,17.053,18.403,18.403,35.691,1.02,7.879,1.033,1,0,5046.35,3460.72,2402.88,703.53,591.11,1.28882,synthetic_demo
SYN-004,SYN-R-80,R,80,342.954,16.693,17.922,17.922,34.955,1.02,8.995,0.903,1,0,4810.45,3517.98,2525.18,649.05,496.92,1.33098,synthetic_demo
SYN-005,SYN-R-80,R,80,336.669,17.489,17.488,17.488,34.355,1.091,8.918,0.932,1,0,4881.4,3859.2,2506.71,668.63,593.09,1.19052,synthetic_demo
SYN-006,SYN-R-80,R,80,335.181,17.301,17.581,17.581,36.938,1.043,7.286,1.027,1,0,5262.38,3899.74,2659.38,698.09,556.84,1.2556,synthetic_demo
SYN-007,SYN-T-80,T,80,342.689,16.526,17.47,17.47,34.064,1.012,8.727,0.996,0,1,4855.19,3778.73,2401.23,672.19,498.66,1.60261,synthetic_demo
SYN-008,SYN-T-80,T,80,342.8,16.485,18.473,18.473,33.349,1.024,7.655,1.066,0,1,5032.34,3838.34,2326.22,675.59,546.94,1.42052,synthetic_demo
SYN-009,SYN-T-80,T,80,337.49,16.906,17.746,17.746,36.001,1.032,8.9,0.904,0,1,4947.86,3630.65,2387.06,714.67,504.73,1.47894,synthetic_demo
SYN-010,SYN-T-80,T,80,343.328,16.692,17.611,17.611,34.28,1.066,7.306,1.046,0,1,4813.16,3468.72,2326.61,769.69,486.78,1.53315,synthetic_demo
SYN-011,SYN-T-80,T,80,341.74,17.429,17.487,17.487,33.545,1.08,7.966,0.943,0,1,4792.9,3501.15,2587.44,656.94,601.3,1.44538,synthetic_demo
SYN-012,SYN-T-80,T,80,339.889,16.776,18.08,18.08,33.141,1.042,7.147,0.955,0,1,5265.35,3489.0,2584.08,735.12,538.06,1.58615,synthetic_demo
SYN-013,SYN-R-140,R,140,344.803,17.304,18.456,18.456,36.897,1.047,8.152,1.022,1,0,4980.96,3711.22,2485.07,657.4,506.93,1.4994,synthetic_demo
SYN-014,SYN-R-140,R,140,339.296,16.794,18.557,18.557,35.906,1.096,7.674,1.045,1,0,4749.36,3593.39,2575.73,661.28,580.47,1.46757,synthetic_demo
SYN-015,SYN-R-140,R,140,344.342,16.711,18.133,18.133,33.057,1.001,8.966,0.98,1,0,5122.81,3647.72,2534.63,753.83,529.49,1.40314,synthetic_demo
SYN-016,SYN-R-140,R,140,341.702,16.743,18.362,18.362,36.631,1.022,8.2,0.965,1,0,4919.62,3657.0,2300.67,699.41,599.77,1.3215,synthetic_demo
SYN-017,SYN-R-140,R,140,339.591,16.767,17.751,17.751,36.491,1.026,8.671,0.936,1,0,4885.95,3728.68,2634.21,696.54,543.98,1.48631,synthetic_demo
SYN-018,SYN-R-140,R,140,338.952,16.845,17.471,17.471,35.571,1.002,7.542,0.998,1,0,4700.66,3616.73,2451.87,671.68,484.26,1.42909,synthetic_demo
SYN-019,SYN-T-140,T,140,344.482,17.243,17.432,17.432,36.244,1.06,8.732,1.021,0,1,4784.81,3818.77,2325.9,750.51,566.32,1.64527,synthetic_demo
SYN-020,SYN-T-140,T,140,342.135,16.799,18.527,18.527,33.74,1.077,8.266,1.096,0,1,5046.74,3916.97,2300.76,715.34,581.78,1.63682,synthetic_demo
SYN-021,SYN-T-140,T,140,341.161,16.46,18.469,18.469,35.178,1.049,8.268,1.073,0,1,4969.98,3629.08,2367.69,716.73,596.25,1.69809,synthetic_demo
SYN-022,SYN-T-140,T,140,335.85,17.434,17.975,17.975,33.986,1.074,8.611,0.907,0,1,4995.22,3805.39,2474.29,776.99,533.73,1.6443,synthetic_demo
SYN-023,SYN-T-140,T,140,339.306,16.889,17.569,17.569,36.006,1.096,8.948,1.004,0,1,5165.88,3795.53,2620.09,756.43,600.87,1.71645,synthetic_demo
SYN-024,SYN-T-140,T,140,344.228,16.526,18.321,18.321,33.334,1.094,8.321,0.901,0,1,4809.89,3843.16,2531.84,723.72,567.42,1.79044,synthetic_demo
SYN-025,SYN-R-200,R,200,344.873,16.676,18.217,18.217,35.055,1.092,7.354,0.945,1,0,5004.52,3938.8,2540.19,723.13,618.39,1.67775,synthetic_demo
SYN-026,SYN-R-200,R,200,338.101,16.675,17.608,17.608,35.725,1.075,7.036,0.998,1,0,4908.18,3671.12,2618.07,708.78,528.47,1.50601,synthetic_demo
SYN-027,SYN-R-200,R,200,339.262,16.52,17.439,17.439,34.809,1.093,7.795,0.922,1,0,5255.29,3719.15,2367.22,682.52,518.75,1.62472,synthetic_demo
SYN-028,SYN-R-200,R,200,339.45,17.134,18.014,18.014,35.107,1.069,8.394,1.067,1,0,5068.47,3539.9,2374.37,662.04,590.39,1.59737,synthetic_demo
SYN-029,SYN-R-200,R,200,342.59,17.197,18.247,18.247,36.268,1.031,8.848,0.933,1,0,4858.25,3593.47,2423.16,761.89,544.06,1.64592,synthetic_demo
SYN-030,SYN-R-200,R,200,338.142,17.214,17.864,17.864,35.205,1.0,7.418,0.974,1,0,5142.89,3818.65,2687.41,699.75,502.85,1.5287,synthetic_demo
SYN-031,SYN-T-200,T,200,343.025,16.76,17.515,17.515,36.019,1.094,8.019,0.993,0,1,4833.76,3784.13,2692.23,713.06,615.91,1.9392,synthetic_demo
SYN-032,SYN-T-200,T,200,335.535,16.49,18.025,18.025,36.158,1.063,7.648,1.075,0,1,4979.48,3489.85,2664.3,658.83,590.57,1.87634,synthetic_demo
SYN-033,SYN-T-200,T,200,337.133,16.499,17.993,17.993,35.05,1.05,7.675,0.925,0,1,5150.52,3748.84,2516.44,620.12,586.5,1.87376,synthetic_demo
SYN-034,SYN-T-200,T,200,338.81,17.154,17.689,17.689,33.587,1.055,7.619,0.94,0,1,4773.45,3454.46,2619.34,762.39,495.21,1.85435,synthetic_demo
SYN-035,SYN-T-200,T,200,344.215,17.298,18.526,18.526,33.077,1.065,7.708,0.961,0,1,5231.54,3945.8,2389.8,681.48,521.21,1.88652,synthetic_demo
SYN-036,SYN-T-200,T,200,342.832,16.658,17.653,17.653,36.384,1.014,7.574,1.032,0,1,4760.07,3542.54,2564.44,725.66,573.95,1.84932,synthetic_demo
